{
    "random": {
        "AVL": [
            1.000240445137024e-06,
            2.250075340270996e-06,
            3.041233867406845e-06,
            1.4170072972774506e-06,
            3.125052899122238e-06,
            1.8328428268432617e-06,
            1.125037670135498e-06,
            2.4582259356975555e-06,
            1.6246922314167023e-06,
            1.5832483768463135e-06
        ],
        "RB": [
            6.249174475669861e-07,
            9.168870747089386e-07,
            1.7918646335601807e-06,
            1.291278749704361e-06,
            1.9171275198459625e-06,
            1.5408731997013092e-06,
            8.330680429935455e-07,
            1.7918646335601807e-06,
            1.9581057131290436e-06,
            7.497146725654602e-07
        ],
        "Treap": [
            6.624963134527206e-06,
            2.3329630494117737e-06,
            1.6670674085617065e-06,
            1.0831281542778015e-06,
            1.7080456018447876e-06,
            1.3746321201324463e-06,
            1.375097781419754e-06,
            7.916241884231567e-07,
            6.249174475669861e-07,
            7.497146725654602e-07
        ]
    },
    "skewed": {
        "AVL": [
            3.334134817123413e-07,
            9.168870747089386e-07,
            1.375097781419754e-06,
            1.0407529771327972e-06,
            1.4998950064182281e-06,
            9.168870747089386e-07,
            8.330680429935455e-07,
            1.041218638420105e-06,
            1.000240445137024e-06,
            1.0826624929904938e-06
        ],
        "RB": [
            3.3294782042503357e-07,
            4.5821070671081543e-07,
            1.1245720088481903e-06,
            7.501803338527679e-07,
            1.000240445137024e-06,
            4.996545612812042e-07,
            4.1676685214042664e-07,
            7.078051567077637e-07,
            5.41098415851593e-07,
            5.00120222568512e-07
        ],
        "Treap": [
            6.249174475669861e-07,
            8.33999365568161e-07,
            7.501803338527679e-07,
            9.168870747089386e-07,
            6.249174475669861e-07,
            6.249174475669861e-07,
            6.253831088542938e-07,
            7.920898497104645e-07,
            7.501803338527679e-07,
            8.33999365568161e-07
        ]
    }
}