{
    "random": {
        "AVL": [
            7.920898497104645e-07,
            2.166256308555603e-06,
            3.1660310924053192e-06,
            1.375097781419754e-06,
            3.2088719308376312e-06,
            1.875218003988266e-06,
            1.25030055642128e-06,
            2.4582259356975555e-06,
            1.5418045222759247e-06,
            1.62515789270401e-06
        ],
        "RB": [
            6.668269634246826e-07,
            1.1245720088481903e-06,
            1.8328428268432617e-06,
            1.2917444109916687e-06,
            1.7499551177024841e-06,
            1.2917444109916687e-06,
            7.078051567077637e-07,
            1.375097781419754e-06,
            1.5408731997013092e-06,
            5.830079317092896e-07
        ],
        "Treap": [
            4.7497451305389404e-06,
            1.9171275198459625e-06,
            1.62515789270401e-06,
            8.749775588512421e-07,
            1.2908130884170532e-06,
            9.578652679920197e-07,
            6.249174475669861e-07,
            7.092021405696869e-07,
            8.330680429935455e-07,
            6.658956408500671e-07
        ]
    },
    "skewed": {
        "AVL": [
            3.748573362827301e-07,
            7.920898497104645e-07,
            1.1669471859931946e-06,
            8.33999365568161e-07,
            1.4579854905605316e-06,
            7.920898497104645e-07,
            7.501803338527679e-07,
            9.583309292793274e-07,
            9.578652679920197e-07,
            9.578652679920197e-07
        ],
        "RB": [
            2.919696271419525e-07,
            4.577450454235077e-07,
            1.000240445137024e-06,
            6.253831088542938e-07,
            8.749775588512421e-07,
            4.1583552956581116e-07,
            3.343448042869568e-07,
            6.658956408500671e-07,
            4.591420292854309e-07,
            5.00120222568512e-07
        ],
        "Treap": [
            5.406327545642853e-07,
            6.249174475669861e-07,
            6.253831088542938e-07,
            5.41098415851593e-07,
            5.83939254283905e-07,
            4.591420292854309e-07,
            4.591420292854309e-07,
            7.501803338527679e-07,
            5.83939254283905e-07,
            5.420297384262085e-07
        ]
    },
    "ascending": {
        "AVL": [
            2.919696271419525e-07,
            6.249174475669861e-07,
            1.1669471859931946e-06,
            7.91158527135849e-07,
            1.2908130884170532e-06,
            1.2498348951339722e-06,
            1.1669471859931946e-06,
            9.168870747089386e-07,
            1.375097781419754e-06,
            1.458916813135147e-06
        ],
        "RB": [
            2.0815059542655945e-07,
            3.7532299757003784e-07,
            9.592622518539429e-07,
            7.082708179950714e-07,
            8.33999365568161e-07,
            7.920898497104645e-07,
            7.082708179950714e-07,
            1.084059476852417e-06,
            7.078051567077637e-07,
            7.916241884231567e-07
        ],
        "Treap": [
            5.41098415851593e-07,
            5.00120222568512e-07,
            5.41098415851593e-07,
            7.501803338527679e-07,
            5.00120222568512e-07,
            5.844049155712128e-07,
            9.997747838497162e-07,
            3.748573362827301e-07,
            4.577450454235077e-07,
            6.249174475669861e-07
        ]
    },
    "descending": {
        "AVL": [
            2.0815059542655945e-07,
            5.830079317092896e-07,
            9.997747838497162e-07,
            7.497146725654602e-07,
            1.2079253792762756e-06,
            1.2079253792762756e-06,
            1.125037670135498e-06,
            8.749775588512421e-07,
            1.375097781419754e-06,
            1.375097781419754e-06
        ],
        "RB": [
            2.0908191800117493e-07,
            3.3294782042503357e-07,
            6.249174475669861e-07,
            4.5821070671081543e-07,
            6.658956408500671e-07,
            5.420297384262085e-07,
            7.082708179950714e-07,
            8.749775588512421e-07,
            6.249174475669861e-07,
            6.672926247119904e-07
        ],
        "Treap": [
            4.5821070671081543e-07,
            4.172325134277344e-07,
            5.830079317092896e-07,
            5.00120222568512e-07,
            4.172325134277344e-07,
            5.00120222568512e-07,
            7.501803338527679e-07,
            4.5821070671081543e-07,
            6.672926247119904e-07,
            5.420297384262085e-07
        ]
    }
}